{"meta/shuffle": false}
{"meta/batch_size": 128}
{"meta/max_batches": 5}
{"meta/restore_epoch": -1}
{"meta/drop_percents": [0.0, 0.1, 0.2, 0.30000000000000004]}
{"validated_losses_SORTEDBY_data_car/data_car/12": [0.8715788156471469, 1.0383559682152488, 1.3474165756594052, 1.522573546929793]}
{"validated_accuracies_SORTEDBY_data_car/data_car/12": [0.8265103697024346, 0.7747520288548242, 0.696483318304779, 0.6463480613165014]}
